country_region_code,country_region,sub_region_1,sub_region_2,metro_area,iso_3166_2_code,census_fips_code,place_id,date,retail_and_recreation_percent_change_from_baseline,grocery_and_pharmacy_percent_change_from_baseline,parks_percent_change_from_baseline,transit_stations_percent_change_from_baseline,workplaces_percent_change_from_baseline,residential_percent_change_from_baseline
BR,Brazil,State of Ceará,Fortaleza,,,,ChIJP3hMRj9MxwcRyjdrDArGYUY,2020-02-15,1,6,-19,3,3,1
BR,Brazil,State of Ceará,Fortaleza,,,,ChIJP3hMRj9MxwcRyjdrDArGYUY,2020-02-16,-4,6,-21,1,-1,3
BR,Brazil,State of Ceará,Fortaleza,,,,ChIJP3hMRj9MxwcRyjdrDArGYUY,2020-02-17,-9,-3,-27,6,10,0
BR,Brazil,State of Ceará,Fortaleza,,,,ChIJP3hMRj9MxwcRyjdrDArGYUY,2020-02-18,-5,-2,-31,5,10,-1
BR,Brazil,State of Ceará,Fortaleza,,,,ChIJP3hMRj9MxwcRyjdrDArGYUY,2020-02-19,-6,-3,-32,2,8,0
BR,Brazil,State of Ceará,Fortaleza,,,,ChIJP3hMRj9MxwcRyjdrDArGYUY,2020-02-20,-2,4,-26,2,6,0
BR,Brazil,State of Ceará,Fortaleza,,,,ChIJP3hMRj9MxwcRyjdrDArGYUY,2020-02-21,-8,10,-25,4,9,-1
BR,Brazil,State of Ceará,Fortaleza,,,,ChIJP3hMRj9MxwcRyjdrDArGYUY,2020-02-22,-34,-7,-45,-21,-18,1
BR,Brazil,State of Ceará,Fortaleza,,,,ChIJP3hMRj9MxwcRyjdrDArGYUY,2020-02-23,-42,-18,-15,-31,-17,3
BR,Brazil,State of Ceará,Fortaleza,,,,ChIJP3hMRj9MxwcRyjdrDArGYUY,2020-02-24,-52,-36,5,-57,-70,12
BR,Brazil,State of Ceará,Fortaleza,,,,ChIJP3hMRj9MxwcRyjdrDArGYUY,2020-02-25,-53,-41,-4,-56,-74,10
BR,Brazil,State of Ceará,Fortaleza,,,,ChIJP3hMRj9MxwcRyjdrDArGYUY,2020-02-26,-29,-20,-37,-30,-40,8
BR,Brazil,State of Ceará,Fortaleza,,,,ChIJP3hMRj9MxwcRyjdrDArGYUY,2020-02-27,-9,-6,-33,-5,3,1
BR,Brazil,State of Ceará,Fortaleza,,,,ChIJP3hMRj9MxwcRyjdrDArGYUY,2020-02-28,-12,-2,-35,-6,8,2
BR,Brazil,State of Ceará,Fortaleza,,,,ChIJP3hMRj9MxwcRyjdrDArGYUY,2020-02-29,-11,4,-44,-14,0,5
BR,Brazil,State of Ceará,Fortaleza,,,,ChIJP3hMRj9MxwcRyjdrDArGYUY,2020-03-01,-19,6,-42,-15,-5,7
BR,Brazil,State of Ceará,Fortaleza,,,,ChIJP3hMRj9MxwcRyjdrDArGYUY,2020-03-02,-13,2,-33,0,11,0
BR,Brazil,State of Ceará,Fortaleza,,,,ChIJP3hMRj9MxwcRyjdrDArGYUY,2020-03-03,-5,4,-30,2,9,0
BR,Brazil,State of Ceará,Fortaleza,,,,ChIJP3hMRj9MxwcRyjdrDArGYUY,2020-03-04,-7,1,-31,1,8,0
BR,Brazil,State of Ceará,Fortaleza,,,,ChIJP3hMRj9MxwcRyjdrDArGYUY,2020-03-05,-2,5,-20,3,9,-1
BR,Brazil,State of Ceará,Fortaleza,,,,ChIJP3hMRj9MxwcRyjdrDArGYUY,2020-03-06,2,10,-22,8,13,-1
BR,Brazil,State of Ceará,Fortaleza,,,,ChIJP3hMRj9MxwcRyjdrDArGYUY,2020-03-07,-3,7,-41,-4,2,3
BR,Brazil,State of Ceará,Fortaleza,,,,ChIJP3hMRj9MxwcRyjdrDArGYUY,2020-03-08,1,12,-17,-1,0,3
BR,Brazil,State of Ceará,Fortaleza,,,,ChIJP3hMRj9MxwcRyjdrDArGYUY,2020-03-09,-11,0,-23,4,12,-1
BR,Brazil,State of Ceará,Fortaleza,,,,ChIJP3hMRj9MxwcRyjdrDArGYUY,2020-03-10,-5,3,-26,3,10,-1
BR,Brazil,State of Ceará,Fortaleza,,,,ChIJP3hMRj9MxwcRyjdrDArGYUY,2020-03-11,-5,-1,-24,2,9,0
BR,Brazil,State of Ceará,Fortaleza,,,,ChIJP3hMRj9MxwcRyjdrDArGYUY,2020-03-12,-9,-7,-34,0,7,0
BR,Brazil,State of Ceará,Fortaleza,,,,ChIJP3hMRj9MxwcRyjdrDArGYUY,2020-03-13,-12,-2,-40,3,11,0
BR,Brazil,State of Ceará,Fortaleza,,,,ChIJP3hMRj9MxwcRyjdrDArGYUY,2020-03-14,-17,1,-54,-11,-1,4
BR,Brazil,State of Ceará,Fortaleza,,,,ChIJP3hMRj9MxwcRyjdrDArGYUY,2020-03-15,-20,6,-38,-13,-4,5
BR,Brazil,State of Ceará,Fortaleza,,,,ChIJP3hMRj9MxwcRyjdrDArGYUY,2020-03-16,-19,7,-31,-6,8,0
BR,Brazil,State of Ceará,Fortaleza,,,,ChIJP3hMRj9MxwcRyjdrDArGYUY,2020-03-17,-24,10,-38,-15,-3,4
BR,Brazil,State of Ceará,Fortaleza,,,,ChIJP3hMRj9MxwcRyjdrDArGYUY,2020-03-18,-30,6,-40,-23,-17,6
BR,Brazil,State of Ceará,Fortaleza,,,,ChIJP3hMRj9MxwcRyjdrDArGYUY,2020-03-19,-69,-23,-61,-58,-66,22
BR,Brazil,State of Ceará,Fortaleza,,,,ChIJP3hMRj9MxwcRyjdrDArGYUY,2020-03-20,-70,-7,-65,-44,-45,18
BR,Brazil,State of Ceará,Fortaleza,,,,ChIJP3hMRj9MxwcRyjdrDArGYUY,2020-03-21,-84,-32,-84,-60,-50,20
BR,Brazil,State of Ceará,Fortaleza,,,,ChIJP3hMRj9MxwcRyjdrDArGYUY,2020-03-22,-86,-38,-85,-63,-42,18
BR,Brazil,State of Ceará,Fortaleza,,,,ChIJP3hMRj9MxwcRyjdrDArGYUY,2020-03-23,-81,-36,-76,-68,-60,22
BR,Brazil,State of Ceará,Fortaleza,,,,ChIJP3hMRj9MxwcRyjdrDArGYUY,2020-03-24,-81,-38,-77,-70,-64,23
BR,Brazil,State of Ceará,Fortaleza,,,,ChIJP3hMRj9MxwcRyjdrDArGYUY,2020-03-25,-83,-45,-80,-76,-76,28
BR,Brazil,State of Ceará,Fortaleza,,,,ChIJP3hMRj9MxwcRyjdrDArGYUY,2020-03-26,-79,-36,-72,-69,-63,24
BR,Brazil,State of Ceará,Fortaleza,,,,ChIJP3hMRj9MxwcRyjdrDArGYUY,2020-03-27,-79,-36,-74,-68,-61,26
BR,Brazil,State of Ceará,Fortaleza,,,,ChIJP3hMRj9MxwcRyjdrDArGYUY,2020-03-28,-81,-37,-82,-67,-51,21
BR,Brazil,State of Ceará,Fortaleza,,,,ChIJP3hMRj9MxwcRyjdrDArGYUY,2020-03-29,-81,-36,-79,-67,-38,18
BR,Brazil,State of Ceará,Fortaleza,,,,ChIJP3hMRj9MxwcRyjdrDArGYUY,2020-03-30,-77,-38,-74,-68,-57,23
BR,Brazil,State of Ceará,Fortaleza,,,,ChIJP3hMRj9MxwcRyjdrDArGYUY,2020-03-31,-75,-32,-74,-67,-59,23
BR,Brazil,State of Ceará,Fortaleza,,,,ChIJP3hMRj9MxwcRyjdrDArGYUY,2020-04-01,-72,-19,-67,-65,-58,22
BR,Brazil,State of Ceará,Fortaleza,,,,ChIJP3hMRj9MxwcRyjdrDArGYUY,2020-04-02,-73,-24,-67,-66,-58,22
BR,Brazil,State of Ceará,Fortaleza,,,,ChIJP3hMRj9MxwcRyjdrDArGYUY,2020-04-03,-74,-22,-69,-64,-56,23
BR,Brazil,State of Ceará,Fortaleza,,,,ChIJP3hMRj9MxwcRyjdrDArGYUY,2020-04-04,-79,-25,-80,-65,-47,20
BR,Brazil,State of Ceará,Fortaleza,,,,ChIJP3hMRj9MxwcRyjdrDArGYUY,2020-04-05,-81,-30,-77,-65,-36,17
BR,Brazil,State of Ceará,Fortaleza,,,,ChIJP3hMRj9MxwcRyjdrDArGYUY,2020-04-06,-72,-23,-66,-63,-52,20
BR,Brazil,State of Ceará,Fortaleza,,,,ChIJP3hMRj9MxwcRyjdrDArGYUY,2020-04-07,-70,-18,-64,-62,-55,20
BR,Brazil,State of Ceará,Fortaleza,,,,ChIJP3hMRj9MxwcRyjdrDArGYUY,2020-04-08,-70,-18,-63,-62,-55,21
BR,Brazil,State of Ceará,Fortaleza,,,,ChIJP3hMRj9MxwcRyjdrDArGYUY,2020-04-09,-69,-10,-63,-62,-58,20
BR,Brazil,State of Ceará,Fortaleza,,,,ChIJP3hMRj9MxwcRyjdrDArGYUY,2020-04-10,-85,-38,-77,-76,-76,28
BR,Brazil,State of Ceará,Fortaleza,,,,ChIJP3hMRj9MxwcRyjdrDArGYUY,2020-04-11,-79,-29,-80,-67,-51,20
BR,Brazil,State of Ceará,Fortaleza,,,,ChIJP3hMRj9MxwcRyjdrDArGYUY,2020-04-12,-80,-31,-78,-66,-35,16
BR,Brazil,State of Ceará,Fortaleza,,,,ChIJP3hMRj9MxwcRyjdrDArGYUY,2020-04-13,-74,-31,-67,-65,-55,21
BR,Brazil,State of Ceará,Fortaleza,,,,ChIJP3hMRj9MxwcRyjdrDArGYUY,2020-04-14,-72,-28,-67,-64,-55,21
BR,Brazil,State of Ceará,Fortaleza,,,,ChIJP3hMRj9MxwcRyjdrDArGYUY,2020-04-15,-73,-29,-69,-65,-56,22
BR,Brazil,State of Ceará,Fortaleza,,,,ChIJP3hMRj9MxwcRyjdrDArGYUY,2020-04-16,-75,-28,-68,-63,-56,22
BR,Brazil,State of Ceará,Fortaleza,,,,ChIJP3hMRj9MxwcRyjdrDArGYUY,2020-04-17,-76,-25,-70,-62,-54,23
BR,Brazil,State of Ceará,Fortaleza,,,,ChIJP3hMRj9MxwcRyjdrDArGYUY,2020-04-18,-80,-25,-79,-62,-44,19
BR,Brazil,State of Ceará,Fortaleza,,,,ChIJP3hMRj9MxwcRyjdrDArGYUY,2020-04-19,-82,-29,-75,-64,-34,17
BR,Brazil,State of Ceará,Fortaleza,,,,ChIJP3hMRj9MxwcRyjdrDArGYUY,2020-04-20,-74,-25,-65,-62,-53,21
BR,Brazil,State of Ceará,Fortaleza,,,,ChIJP3hMRj9MxwcRyjdrDArGYUY,2020-04-21,-84,-42,-79,-75,-75,27
BR,Brazil,State of Ceará,Fortaleza,,,,ChIJP3hMRj9MxwcRyjdrDArGYUY,2020-04-22,-74,-27,-68,-62,-54,21
BR,Brazil,State of Ceará,Fortaleza,,,,ChIJP3hMRj9MxwcRyjdrDArGYUY,2020-04-23,-75,-30,-69,-64,-56,22
BR,Brazil,State of Ceará,Fortaleza,,,,ChIJP3hMRj9MxwcRyjdrDArGYUY,2020-04-24,-76,-26,-72,-63,-54,24
BR,Brazil,State of Ceará,Fortaleza,,,,ChIJP3hMRj9MxwcRyjdrDArGYUY,2020-04-25,-80,-29,-80,-64,-45,20
BR,Brazil,State of Ceará,Fortaleza,,,,ChIJP3hMRj9MxwcRyjdrDArGYUY,2020-04-26,-82,-31,-78,-65,-34,17
BR,Brazil,State of Ceará,Fortaleza,,,,ChIJP3hMRj9MxwcRyjdrDArGYUY,2020-04-27,-76,-31,-71,-63,-53,21
BR,Brazil,State of Ceará,Fortaleza,,,,ChIJP3hMRj9MxwcRyjdrDArGYUY,2020-04-28,-73,-24,-67,-61,-54,21
BR,Brazil,State of Ceará,Fortaleza,,,,ChIJP3hMRj9MxwcRyjdrDArGYUY,2020-04-29,-72,-24,-65,-62,-54,21
BR,Brazil,State of Ceará,Fortaleza,,,,ChIJP3hMRj9MxwcRyjdrDArGYUY,2020-04-30,-69,-12,-62,-61,-53,20
BR,Brazil,State of Ceará,Fortaleza,,,,ChIJP3hMRj9MxwcRyjdrDArGYUY,2020-05-01,-83,-30,-75,-74,-73,28
BR,Brazil,State of Ceará,Fortaleza,,,,ChIJP3hMRj9MxwcRyjdrDArGYUY,2020-05-02,-78,-19,-77,-64,-45,19
BR,Brazil,State of Ceará,Fortaleza,,,,ChIJP3hMRj9MxwcRyjdrDArGYUY,2020-05-03,-81,-25,-77,-66,-32,17
BR,Brazil,State of Ceará,Fortaleza,,,,ChIJP3hMRj9MxwcRyjdrDArGYUY,2020-05-04,-72,-19,-67,-62,-51,20
BR,Brazil,State of Ceará,Fortaleza,,,,ChIJP3hMRj9MxwcRyjdrDArGYUY,2020-05-05,-69,-12,-66,-60,-54,20
BR,Brazil,State of Ceará,Fortaleza,,,,ChIJP3hMRj9MxwcRyjdrDArGYUY,2020-05-06,-69,-10,-65,-59,-54,21
BR,Brazil,State of Ceará,Fortaleza,,,,ChIJP3hMRj9MxwcRyjdrDArGYUY,2020-05-07,-68,-1,-63,-58,-54,20
BR,Brazil,State of Ceará,Fortaleza,,,,ChIJP3hMRj9MxwcRyjdrDArGYUY,2020-05-08,-79,-27,-78,-65,-58,26
BR,Brazil,State of Ceará,Fortaleza,,,,ChIJP3hMRj9MxwcRyjdrDArGYUY,2020-05-09,-82,-27,-86,-66,-49,22
BR,Brazil,State of Ceará,Fortaleza,,,,ChIJP3hMRj9MxwcRyjdrDArGYUY,2020-05-10,-81,-29,-85,-65,-29,18
BR,Brazil,State of Ceará,Fortaleza,,,,ChIJP3hMRj9MxwcRyjdrDArGYUY,2020-05-11,-78,-32,-76,-65,-57,24
BR,Brazil,State of Ceará,Fortaleza,,,,ChIJP3hMRj9MxwcRyjdrDArGYUY,2020-05-12,-76,-29,-76,-64,-58,24
BR,Brazil,State of Ceará,Fortaleza,,,,ChIJP3hMRj9MxwcRyjdrDArGYUY,2020-05-13,-76,-30,-75,-64,-58,24
BR,Brazil,State of Ceará,Fortaleza,,,,ChIJP3hMRj9MxwcRyjdrDArGYUY,2020-05-14,-76,-31,-75,-65,-58,25
BR,Brazil,State of Ceará,Fortaleza,,,,ChIJP3hMRj9MxwcRyjdrDArGYUY,2020-05-15,-77,-30,-79,-67,-56,26
BR,Brazil,State of Ceará,Fortaleza,,,,ChIJP3hMRj9MxwcRyjdrDArGYUY,2020-05-16,-81,-32,-86,-69,-47,22
BR,Brazil,State of Ceará,Fortaleza,,,,ChIJP3hMRj9MxwcRyjdrDArGYUY,2020-05-17,-82,-30,-84,-68,-31,19
BR,Brazil,State of Ceará,Fortaleza,,,,ChIJP3hMRj9MxwcRyjdrDArGYUY,2020-05-18,-75,-28,-75,-65,-54,23
BR,Brazil,State of Ceará,Fortaleza,,,,ChIJP3hMRj9MxwcRyjdrDArGYUY,2020-05-19,-74,-26,-79,-64,-55,23
BR,Brazil,State of Ceará,Fortaleza,,,,ChIJP3hMRj9MxwcRyjdrDArGYUY,2020-05-20,-74,-23,-93,-63,-55,23
BR,Brazil,State of Ceará,Fortaleza,,,,ChIJP3hMRj9MxwcRyjdrDArGYUY,2020-05-21,-75,-25,-93,-63,-56,24
BR,Brazil,State of Ceará,Fortaleza,,,,ChIJP3hMRj9MxwcRyjdrDArGYUY,2020-05-22,-75,-21,-94,-62,-52,24
BR,Brazil,State of Ceará,Fortaleza,,,,ChIJP3hMRj9MxwcRyjdrDArGYUY,2020-05-23,-79,-23,-96,-63,-41,20
BR,Brazil,State of Ceará,Fortaleza,,,,ChIJP3hMRj9MxwcRyjdrDArGYUY,2020-05-24,-82,-27,-96,-65,-27,18
BR,Brazil,State of Ceará,Fortaleza,,,,ChIJP3hMRj9MxwcRyjdrDArGYUY,2020-05-25,-74,-25,-93,-62,-51,22
BR,Brazil,State of Ceará,Fortaleza,,,,ChIJP3hMRj9MxwcRyjdrDArGYUY,2020-05-26,-72,-21,-93,-61,-51,22
BR,Brazil,State of Ceará,Fortaleza,,,,ChIJP3hMRj9MxwcRyjdrDArGYUY,2020-05-27,-76,-25,-94,-65,-61,25
BR,Brazil,State of Ceará,Fortaleza,,,,ChIJP3hMRj9MxwcRyjdrDArGYUY,2020-05-28,-76,-27,-94,-66,-62,26
BR,Brazil,State of Ceará,Fortaleza,,,,ChIJP3hMRj9MxwcRyjdrDArGYUY,2020-05-29,-72,-15,-93,-59,-48,23
BR,Brazil,State of Ceará,Fortaleza,,,,ChIJP3hMRj9MxwcRyjdrDArGYUY,2020-05-30,-76,-13,-95,-58,-34,19
BR,Brazil,State of Ceará,Fortaleza,,,,ChIJP3hMRj9MxwcRyjdrDArGYUY,2020-05-31,-80,-20,-95,-62,-20,17
BR,Brazil,State of Ceará,Fortaleza,,,,ChIJP3hMRj9MxwcRyjdrDArGYUY,2020-06-01,-66,-10,-92,-55,-43,19
BR,Brazil,State of Ceará,Fortaleza,,,,ChIJP3hMRj9MxwcRyjdrDArGYUY,2020-06-02,-64,-8,-92,-53,-44,19
BR,Brazil,State of Ceará,Fortaleza,,,,ChIJP3hMRj9MxwcRyjdrDArGYUY,2020-06-03,-64,-9,-92,-53,-44,20
BR,Brazil,State of Ceará,Fortaleza,,,,ChIJP3hMRj9MxwcRyjdrDArGYUY,2020-06-04,-64,-9,-91,-53,-44,20
BR,Brazil,State of Ceará,Fortaleza,,,,ChIJP3hMRj9MxwcRyjdrDArGYUY,2020-06-05,-63,-1,-90,-51,-40,20
BR,Brazil,State of Ceará,Fortaleza,,,,ChIJP3hMRj9MxwcRyjdrDArGYUY,2020-06-06,-69,-3,-94,-50,-26,16
BR,Brazil,State of Ceará,Fortaleza,,,,ChIJP3hMRj9MxwcRyjdrDArGYUY,2020-06-07,-78,-20,-94,-60,-19,16
BR,Brazil,State of Ceará,Fortaleza,,,,ChIJP3hMRj9MxwcRyjdrDArGYUY,2020-06-08,-52,-6,-90,-49,-38,17
BR,Brazil,State of Ceará,Fortaleza,,,,ChIJP3hMRj9MxwcRyjdrDArGYUY,2020-06-09,-51,-6,-90,-48,-40,17
BR,Brazil,State of Ceará,Fortaleza,,,,ChIJP3hMRj9MxwcRyjdrDArGYUY,2020-06-10,-49,-4,-89,-47,-40,17
BR,Brazil,State of Ceará,Fortaleza,,,,ChIJP3hMRj9MxwcRyjdrDArGYUY,2020-06-11,-51,-11,-89,-52,-44,19
BR,Brazil,State of Ceará,Fortaleza,,,,ChIJP3hMRj9MxwcRyjdrDArGYUY,2020-06-12,-47,2,-86,-46,-37,18
BR,Brazil,State of Ceará,Fortaleza,,,,ChIJP3hMRj9MxwcRyjdrDArGYUY,2020-06-13,-57,-7,-91,-48,-23,15
BR,Brazil,State of Ceará,Fortaleza,,,,ChIJP3hMRj9MxwcRyjdrDArGYUY,2020-06-14,-66,-13,-89,-54,-11,14
BR,Brazil,State of Ceará,Fortaleza,,,,ChIJP3hMRj9MxwcRyjdrDArGYUY,2020-06-15,-51,-11,-87,-48,-36,17
BR,Brazil,State of Ceará,Fortaleza,,,,ChIJP3hMRj9MxwcRyjdrDArGYUY,2020-06-16,-48,-7,-87,-46,-38,17
BR,Brazil,State of Ceará,Fortaleza,,,,ChIJP3hMRj9MxwcRyjdrDArGYUY,2020-06-17,-50,-13,-87,-47,-39,18
BR,Brazil,State of Ceará,Fortaleza,,,,ChIJP3hMRj9MxwcRyjdrDArGYUY,2020-06-18,-47,-7,-82,-47,-38,17
BR,Brazil,State of Ceará,Fortaleza,,,,ChIJP3hMRj9MxwcRyjdrDArGYUY,2020-06-19,-49,-4,-83,-44,-34,17
BR,Brazil,State of Ceará,Fortaleza,,,,ChIJP3hMRj9MxwcRyjdrDArGYUY,2020-06-20,-54,-1,-87,-44,-18,14
BR,Brazil,State of Ceará,Fortaleza,,,,ChIJP3hMRj9MxwcRyjdrDArGYUY,2020-06-21,-65,-12,-81,-51,-9,13
BR,Brazil,State of Ceará,Fortaleza,,,,ChIJP3hMRj9MxwcRyjdrDArGYUY,2020-06-22,-48,-11,-82,-45,-35,16
BR,Brazil,State of Ceará,Fortaleza,,,,ChIJP3hMRj9MxwcRyjdrDArGYUY,2020-06-23,-45,-8,-82,-43,-37,16
BR,Brazil,State of Ceará,Fortaleza,,,,ChIJP3hMRj9MxwcRyjdrDArGYUY,2020-06-24,-45,-9,-82,-43,-36,17
BR,Brazil,State of Ceará,Fortaleza,,,,ChIJP3hMRj9MxwcRyjdrDArGYUY,2020-06-25,-45,-6,-81,-43,-36,17
BR,Brazil,State of Ceará,Fortaleza,,,,ChIJP3hMRj9MxwcRyjdrDArGYUY,2020-06-26,-46,-1,-82,-40,-32,17
BR,Brazil,State of Ceará,Fortaleza,,,,ChIJP3hMRj9MxwcRyjdrDArGYUY,2020-06-27,-51,0,-86,-41,-18,13
BR,Brazil,State of Ceará,Fortaleza,,,,ChIJP3hMRj9MxwcRyjdrDArGYUY,2020-06-28,-59,-8,-77,-47,-6,12
BR,Brazil,State of Ceará,Fortaleza,,,,ChIJP3hMRj9MxwcRyjdrDArGYUY,2020-06-29,-47,-9,-78,-43,-31,15
BR,Brazil,State of Ceará,Fortaleza,,,,ChIJP3hMRj9MxwcRyjdrDArGYUY,2020-06-30,-40,5,-73,-40,-32,15
BR,Brazil,State of Ceará,Fortaleza,,,,ChIJP3hMRj9MxwcRyjdrDArGYUY,2020-07-01,-36,13,-71,-38,-32,15
BR,Brazil,State of Ceará,Fortaleza,,,,ChIJP3hMRj9MxwcRyjdrDArGYUY,2020-07-02,-36,11,-70,-37,-33,15
BR,Brazil,State of Ceará,Fortaleza,,,,ChIJP3hMRj9MxwcRyjdrDArGYUY,2020-07-03,-39,12,-71,-34,-29,15
BR,Brazil,State of Ceará,Fortaleza,,,,ChIJP3hMRj9MxwcRyjdrDArGYUY,2020-07-04,-42,15,-75,-36,-15,11
BR,Brazil,State of Ceará,Fortaleza,,,,ChIJP3hMRj9MxwcRyjdrDArGYUY,2020-07-05,-52,5,-60,-40,-6,10
BR,Brazil,State of Ceará,Fortaleza,,,,ChIJP3hMRj9MxwcRyjdrDArGYUY,2020-07-06,-46,-6,-81,-43,-32,15
BR,Brazil,State of Ceará,Fortaleza,,,,ChIJP3hMRj9MxwcRyjdrDArGYUY,2020-07-07,-34,13,-70,-33,-32,13
BR,Brazil,State of Ceará,Fortaleza,,,,ChIJP3hMRj9MxwcRyjdrDArGYUY,2020-07-08,-33,9,-67,-34,-31,14
BR,Brazil,State of Ceará,Fortaleza,,,,ChIJP3hMRj9MxwcRyjdrDArGYUY,2020-07-09,-35,6,-69,-35,-31,14
BR,Brazil,State of Ceará,Fortaleza,,,,ChIJP3hMRj9MxwcRyjdrDArGYUY,2020-07-10,-37,10,-68,-31,-27,14
BR,Brazil,State of Ceará,Fortaleza,,,,ChIJP3hMRj9MxwcRyjdrDArGYUY,2020-07-11,-41,12,-72,-33,-13,11
BR,Brazil,State of Ceará,Fortaleza,,,,ChIJP3hMRj9MxwcRyjdrDArGYUY,2020-07-12,-52,-3,-56,-39,-6,10
BR,Brazil,State of Ceará,Fortaleza,,,,ChIJP3hMRj9MxwcRyjdrDArGYUY,2020-07-13,-40,-2,-65,-36,-28,13
BR,Brazil,State of Ceará,Fortaleza,,,,ChIJP3hMRj9MxwcRyjdrDArGYUY,2020-07-14,-35,2,-65,-35,-30,14
BR,Brazil,State of Ceará,Fortaleza,,,,ChIJP3hMRj9MxwcRyjdrDArGYUY,2020-07-15,-33,6,-63,-34,-29,14
BR,Brazil,State of Ceará,Fortaleza,,,,ChIJP3hMRj9MxwcRyjdrDArGYUY,2020-07-16,-34,3,-62,-34,-30,14
BR,Brazil,State of Ceará,Fortaleza,,,,ChIJP3hMRj9MxwcRyjdrDArGYUY,2020-07-17,-36,7,-62,-30,-25,14
BR,Brazil,State of Ceará,Fortaleza,,,,ChIJP3hMRj9MxwcRyjdrDArGYUY,2020-07-18,-41,6,-66,-34,-13,11
BR,Brazil,State of Ceará,Fortaleza,,,,ChIJP3hMRj9MxwcRyjdrDArGYUY,2020-07-19,-48,-1,-41,-36,-5,9
BR,Brazil,State of Ceará,Fortaleza,,,,ChIJP3hMRj9MxwcRyjdrDArGYUY,2020-07-20,-38,-2,-65,-35,-25,13
BR,Brazil,State of Ceará,Fortaleza,,,,ChIJP3hMRj9MxwcRyjdrDArGYUY,2020-07-21,-32,4,-62,-33,-27,13
BR,Brazil,State of Ceará,Fortaleza,,,,ChIJP3hMRj9MxwcRyjdrDArGYUY,2020-07-22,-31,4,-60,-33,-27,13
BR,Brazil,State of Ceará,Fortaleza,,,,ChIJP3hMRj9MxwcRyjdrDArGYUY,2020-07-23,-31,4,-58,-32,-27,13
BR,Brazil,State of Ceará,Fortaleza,,,,ChIJP3hMRj9MxwcRyjdrDArGYUY,2020-07-24,-32,8,-59,-27,-23,13
BR,Brazil,State of Ceará,Fortaleza,,,,ChIJP3hMRj9MxwcRyjdrDArGYUY,2020-07-25,-36,9,-61,-29,-12,10
BR,Brazil,State of Ceará,Fortaleza,,,,ChIJP3hMRj9MxwcRyjdrDArGYUY,2020-07-26,-42,1,-33,-33,-4,8
BR,Brazil,State of Ceará,Fortaleza,,,,ChIJP3hMRj9MxwcRyjdrDArGYUY,2020-07-27,-36,1,-59,-31,-26,12
BR,Brazil,State of Ceará,Fortaleza,,,,ChIJP3hMRj9MxwcRyjdrDArGYUY,2020-07-28,-31,5,-62,-30,-26,13
BR,Brazil,State of Ceará,Fortaleza,,,,ChIJP3hMRj9MxwcRyjdrDArGYUY,2020-07-29,-28,4,-58,-28,-27,13
BR,Brazil,State of Ceará,Fortaleza,,,,ChIJP3hMRj9MxwcRyjdrDArGYUY,2020-07-30,-26,7,-56,-26,-27,12
BR,Brazil,State of Ceará,Fortaleza,,,,ChIJP3hMRj9MxwcRyjdrDArGYUY,2020-07-31,-26,15,-59,-20,-22,12
BR,Brazil,State of Ceará,Fortaleza,,,,ChIJP3hMRj9MxwcRyjdrDArGYUY,2020-08-01,-29,20,-61,-23,-10,9
BR,Brazil,State of Ceará,Fortaleza,,,,ChIJP3hMRj9MxwcRyjdrDArGYUY,2020-08-02,-35,10,-31,-26,-4,7
BR,Brazil,State of Ceará,Fortaleza,,,,ChIJP3hMRj9MxwcRyjdrDArGYUY,2020-08-03,-28,10,-56,-24,-24,11
BR,Brazil,State of Ceará,Fortaleza,,,,ChIJP3hMRj9MxwcRyjdrDArGYUY,2020-08-04,-22,14,-58,-22,-25,11
BR,Brazil,State of Ceará,Fortaleza,,,,ChIJP3hMRj9MxwcRyjdrDArGYUY,2020-08-05,-19,16,-54,-23,-25,11
BR,Brazil,State of Ceará,Fortaleza,,,,ChIJP3hMRj9MxwcRyjdrDArGYUY,2020-08-06,-17,17,-51,-21,-25,11
BR,Brazil,State of Ceará,Fortaleza,,,,ChIJP3hMRj9MxwcRyjdrDArGYUY,2020-08-07,-17,20,-55,-17,-21,10
BR,Brazil,State of Ceará,Fortaleza,,,,ChIJP3hMRj9MxwcRyjdrDArGYUY,2020-08-08,-19,23,-57,-19,-9,7
BR,Brazil,State of Ceará,Fortaleza,,,,ChIJP3hMRj9MxwcRyjdrDArGYUY,2020-08-09,-31,11,-38,-21,6,4
BR,Brazil,State of Ceará,Fortaleza,,,,ChIJP3hMRj9MxwcRyjdrDArGYUY,2020-08-10,-27,7,-56,-24,-24,11
BR,Brazil,State of Ceará,Fortaleza,,,,ChIJP3hMRj9MxwcRyjdrDArGYUY,2020-08-11,-23,8,-57,-23,-25,11
BR,Brazil,State of Ceará,Fortaleza,,,,ChIJP3hMRj9MxwcRyjdrDArGYUY,2020-08-12,-21,9,-54,-24,-24,11
BR,Brazil,State of Ceará,Fortaleza,,,,ChIJP3hMRj9MxwcRyjdrDArGYUY,2020-08-13,-21,6,-52,-23,-24,11
BR,Brazil,State of Ceará,Fortaleza,,,,ChIJP3hMRj9MxwcRyjdrDArGYUY,2020-08-14,-22,12,-55,-18,-20,11
BR,Brazil,State of Ceará,Fortaleza,,,,ChIJP3hMRj9MxwcRyjdrDArGYUY,2020-08-15,-24,12,-54,-22,-10,8
BR,Brazil,State of Ceará,Fortaleza,,,,ChIJP3hMRj9MxwcRyjdrDArGYUY,2020-08-16,-31,4,-30,-26,-4,7
BR,Brazil,State of Ceará,Fortaleza,,,,ChIJP3hMRj9MxwcRyjdrDArGYUY,2020-08-17,-29,2,-54,-24,-22,11
BR,Brazil,State of Ceará,Fortaleza,,,,ChIJP3hMRj9MxwcRyjdrDArGYUY,2020-08-18,-24,5,-57,-24,-22,11
BR,Brazil,State of Ceará,Fortaleza,,,,ChIJP3hMRj9MxwcRyjdrDArGYUY,2020-08-19,-22,6,-54,-23,-22,11
BR,Brazil,State of Ceará,Fortaleza,,,,ChIJP3hMRj9MxwcRyjdrDArGYUY,2020-08-20,-21,8,-52,-24,-22,11
BR,Brazil,State of Ceará,Fortaleza,,,,ChIJP3hMRj9MxwcRyjdrDArGYUY,2020-08-21,-23,10,-55,-19,-18,10
BR,Brazil,State of Ceará,Fortaleza,,,,ChIJP3hMRj9MxwcRyjdrDArGYUY,2020-08-22,-26,11,-55,-21,-7,8
BR,Brazil,State of Ceará,Fortaleza,,,,ChIJP3hMRj9MxwcRyjdrDArGYUY,2020-08-23,-34,2,-33,-25,-2,6
BR,Brazil,State of Ceará,Fortaleza,,,,ChIJP3hMRj9MxwcRyjdrDArGYUY,2020-08-24,-30,2,-53,-23,-19,10
BR,Brazil,State of Ceará,Fortaleza,,,,ChIJP3hMRj9MxwcRyjdrDArGYUY,2020-08-25,-24,7,-54,-21,-21,11
BR,Brazil,State of Ceará,Fortaleza,,,,ChIJP3hMRj9MxwcRyjdrDArGYUY,2020-08-26,-22,8,-52,-22,-20,11
BR,Brazil,State of Ceará,Fortaleza,,,,ChIJP3hMRj9MxwcRyjdrDArGYUY,2020-08-27,-23,6,-52,-24,-20,10
BR,Brazil,State of Ceará,Fortaleza,,,,ChIJP3hMRj9MxwcRyjdrDArGYUY,2020-08-28,-23,11,-53,-19,-16,10
BR,Brazil,State of Ceará,Fortaleza,,,,ChIJP3hMRj9MxwcRyjdrDArGYUY,2020-08-29,-26,13,-53,-22,-6,7
BR,Brazil,State of Ceará,Fortaleza,,,,ChIJP3hMRj9MxwcRyjdrDArGYUY,2020-08-30,-32,6,-29,-24,-1,6
BR,Brazil,State of Ceará,Fortaleza,,,,ChIJP3hMRj9MxwcRyjdrDArGYUY,2020-08-31,-29,6,-52,-24,-18,10
BR,Brazil,State of Ceará,Fortaleza,,,,ChIJP3hMRj9MxwcRyjdrDArGYUY,2020-09-01,-22,18,-54,-20,-20,9
BR,Brazil,State of Ceará,Fortaleza,,,,ChIJP3hMRj9MxwcRyjdrDArGYUY,2020-09-02,-17,16,-53,-20,-19,9
BR,Brazil,State of Ceará,Fortaleza,,,,ChIJP3hMRj9MxwcRyjdrDArGYUY,2020-09-03,-15,16,-51,-19,-19,9
BR,Brazil,State of Ceará,Fortaleza,,,,ChIJP3hMRj9MxwcRyjdrDArGYUY,2020-09-04,-15,23,-53,-12,-15,8
BR,Brazil,State of Ceará,Fortaleza,,,,ChIJP3hMRj9MxwcRyjdrDArGYUY,2020-09-05,-21,20,-54,-16,-9,4
BR,Brazil,State of Ceará,Fortaleza,,,,ChIJP3hMRj9MxwcRyjdrDArGYUY,2020-09-06,-29,5,-24,-23,-4,5
BR,Brazil,State of Ceará,Fortaleza,,,,ChIJP3hMRj9MxwcRyjdrDArGYUY,2020-09-07,-46,-20,-12,-50,-66,11
BR,Brazil,State of Ceará,Fortaleza,,,,ChIJP3hMRj9MxwcRyjdrDArGYUY,2020-09-08,-19,13,-56,-15,-19,7
BR,Brazil,State of Ceará,Fortaleza,,,,ChIJP3hMRj9MxwcRyjdrDArGYUY,2020-09-09,-18,11,-53,-17,-18,9
BR,Brazil,State of Ceará,Fortaleza,,,,ChIJP3hMRj9MxwcRyjdrDArGYUY,2020-09-10,-16,13,-50,-16,-19,10
BR,Brazil,State of Ceará,Fortaleza,,,,ChIJP3hMRj9MxwcRyjdrDArGYUY,2020-09-11,-17,14,-50,-14,-15,10
BR,Brazil,State of Ceará,Fortaleza,,,,ChIJP3hMRj9MxwcRyjdrDArGYUY,2020-09-12,-19,15,-50,-16,-5,8
BR,Brazil,State of Ceará,Fortaleza,,,,ChIJP3hMRj9MxwcRyjdrDArGYUY,2020-09-13,-27,6,-28,-18,-1,7
BR,Brazil,State of Ceará,Fortaleza,,,,ChIJP3hMRj9MxwcRyjdrDArGYUY,2020-09-14,-26,3,-50,-19,-15,10
BR,Brazil,State of Ceará,Fortaleza,,,,ChIJP3hMRj9MxwcRyjdrDArGYUY,2020-09-15,-19,10,-51,-17,-16,10
BR,Brazil,State of Ceará,Fortaleza,,,,ChIJP3hMRj9MxwcRyjdrDArGYUY,2020-09-16,-19,8,-49,-17,-17,10
BR,Brazil,State of Ceará,Fortaleza,,,,ChIJP3hMRj9MxwcRyjdrDArGYUY,2020-09-17,-17,9,-47,-17,-17,10
BR,Brazil,State of Ceará,Fortaleza,,,,ChIJP3hMRj9MxwcRyjdrDArGYUY,2020-09-18,-18,11,-48,-14,-13,9
BR,Brazil,State of Ceará,Fortaleza,,,,ChIJP3hMRj9MxwcRyjdrDArGYUY,2020-09-19,-21,13,-52,-17,-5,7
BR,Brazil,State of Ceará,Fortaleza,,,,ChIJP3hMRj9MxwcRyjdrDArGYUY,2020-09-20,-26,5,-26,-18,0,6
BR,Brazil,State of Ceará,Fortaleza,,,,ChIJP3hMRj9MxwcRyjdrDArGYUY,2020-09-21,-27,3,-50,-18,-16,10
BR,Brazil,State of Ceará,Fortaleza,,,,ChIJP3hMRj9MxwcRyjdrDArGYUY,2020-09-22,-24,5,-52,-16,-17,10
BR,Brazil,State of Ceará,Fortaleza,,,,ChIJP3hMRj9MxwcRyjdrDArGYUY,2020-09-23,-23,5,-51,-16,-16,11
BR,Brazil,State of Ceará,Fortaleza,,,,ChIJP3hMRj9MxwcRyjdrDArGYUY,2020-09-24,-22,5,-51,-18,-16,10
BR,Brazil,State of Ceará,Fortaleza,,,,ChIJP3hMRj9MxwcRyjdrDArGYUY,2020-09-25,-22,10,-52,-13,-12,10
BR,Brazil,State of Ceará,Fortaleza,,,,ChIJP3hMRj9MxwcRyjdrDArGYUY,2020-09-26,-25,10,-53,-15,-4,7
BR,Brazil,State of Ceará,Fortaleza,,,,ChIJP3hMRj9MxwcRyjdrDArGYUY,2020-09-27,-30,1,-25,-17,1,6
BR,Brazil,State of Ceará,Fortaleza,,,,ChIJP3hMRj9MxwcRyjdrDArGYUY,2020-09-28,-50,-11,-44,-26,-26,13
BR,Brazil,State of Ceará,Fortaleza,,,,ChIJP3hMRj9MxwcRyjdrDArGYUY,2020-09-29,-21,8,-54,-13,-15,9
BR,Brazil,State of Ceará,Fortaleza,,,,ChIJP3hMRj9MxwcRyjdrDArGYUY,2020-09-30,-19,14,-52,-12,-15,9
BR,Brazil,State of Ceará,Fortaleza,,,,ChIJP3hMRj9MxwcRyjdrDArGYUY,2020-10-01,-17,19,-48,-12,-13,9
BR,Brazil,State of Ceará,Fortaleza,,,,ChIJP3hMRj9MxwcRyjdrDArGYUY,2020-10-02,-16,19,-45,2,-9,8
BR,Brazil,State of Ceará,Fortaleza,,,,ChIJP3hMRj9MxwcRyjdrDArGYUY,2020-10-03,-18,19,-47,1,-1,6
BR,Brazil,State of Ceará,Fortaleza,,,,ChIJP3hMRj9MxwcRyjdrDArGYUY,2020-10-04,-22,9,-24,1,2,5
BR,Brazil,State of Ceará,Fortaleza,,,,ChIJP3hMRj9MxwcRyjdrDArGYUY,2020-10-05,-24,8,-45,-4,-13,8
BR,Brazil,State of Ceará,Fortaleza,,,,ChIJP3hMRj9MxwcRyjdrDArGYUY,2020-10-06,-18,14,-48,0,-14,8
BR,Brazil,State of Ceará,Fortaleza,,,,ChIJP3hMRj9MxwcRyjdrDArGYUY,2020-10-07,-15,17,-45,-1,-13,8
BR,Brazil,State of Ceará,Fortaleza,,,,ChIJP3hMRj9MxwcRyjdrDArGYUY,2020-10-08,-13,15,-43,-2,-13,8
BR,Brazil,State of Ceará,Fortaleza,,,,ChIJP3hMRj9MxwcRyjdrDArGYUY,2020-10-09,-15,19,-44,4,-10,7
BR,Brazil,State of Ceará,Fortaleza,,,,ChIJP3hMRj9MxwcRyjdrDArGYUY,2020-10-10,-19,18,-48,0,-2,4
BR,Brazil,State of Ceará,Fortaleza,,,,ChIJP3hMRj9MxwcRyjdrDArGYUY,2020-10-11,-21,6,-21,-8,4,5
BR,Brazil,State of Ceará,Fortaleza,,,,ChIJP3hMRj9MxwcRyjdrDArGYUY,2020-10-12,-33,-14,3,-39,-63,11
BR,Brazil,State of Ceará,Fortaleza,,,,ChIJP3hMRj9MxwcRyjdrDArGYUY,2020-10-13,-21,7,-48,-1,-15,8
BR,Brazil,State of Ceará,Fortaleza,,,,ChIJP3hMRj9MxwcRyjdrDArGYUY,2020-10-14,-19,8,-44,1,-12,9
BR,Brazil,State of Ceará,Fortaleza,,,,ChIJP3hMRj9MxwcRyjdrDArGYUY,2020-10-15,-15,12,-41,0,-13,9
BR,Brazil,State of Ceará,Fortaleza,,,,ChIJP3hMRj9MxwcRyjdrDArGYUY,2020-10-16,-17,12,-41,4,-9,9
BR,Brazil,State of Ceará,Fortaleza,,,,ChIJP3hMRj9MxwcRyjdrDArGYUY,2020-10-17,-19,12,-46,3,1,7
BR,Brazil,State of Ceará,Fortaleza,,,,ChIJP3hMRj9MxwcRyjdrDArGYUY,2020-10-18,-23,5,-20,2,3,6
BR,Brazil,State of Ceará,Fortaleza,,,,ChIJP3hMRj9MxwcRyjdrDArGYUY,2020-10-19,-27,1,-45,-4,-12,9
BR,Brazil,State of Ceará,Fortaleza,,,,ChIJP3hMRj9MxwcRyjdrDArGYUY,2020-10-20,-21,8,-44,-1,-13,9
BR,Brazil,State of Ceará,Fortaleza,,,,ChIJP3hMRj9MxwcRyjdrDArGYUY,2020-10-21,-17,9,-41,1,-11,9
BR,Brazil,State of Ceará,Fortaleza,,,,ChIJP3hMRj9MxwcRyjdrDArGYUY,2020-10-22,-18,7,-41,-1,-13,10
BR,Brazil,State of Ceará,Fortaleza,,,,ChIJP3hMRj9MxwcRyjdrDArGYUY,2020-10-23,-17,13,-39,4,-8,9
BR,Brazil,State of Ceará,Fortaleza,,,,ChIJP3hMRj9MxwcRyjdrDArGYUY,2020-10-24,-21,12,-45,0,1,7
BR,Brazil,State of Ceará,Fortaleza,,,,ChIJP3hMRj9MxwcRyjdrDArGYUY,2020-10-25,-24,6,-20,-1,4,6
BR,Brazil,State of Ceará,Fortaleza,,,,ChIJP3hMRj9MxwcRyjdrDArGYUY,2020-10-26,-27,2,-41,-3,-10,9
BR,Brazil,State of Ceará,Fortaleza,,,,ChIJP3hMRj9MxwcRyjdrDArGYUY,2020-10-27,-21,6,-42,0,-11,9
BR,Brazil,State of Ceará,Fortaleza,,,,ChIJP3hMRj9MxwcRyjdrDArGYUY,2020-10-28,-18,7,-41,-2,-15,10
BR,Brazil,State of Ceará,Fortaleza,,,,ChIJP3hMRj9MxwcRyjdrDArGYUY,2020-10-29,-17,8,-40,-2,-10,8
BR,Brazil,State of Ceará,Fortaleza,,,,ChIJP3hMRj9MxwcRyjdrDArGYUY,2020-10-30,-16,18,-42,4,-7,7
BR,Brazil,State of Ceará,Fortaleza,,,,ChIJP3hMRj9MxwcRyjdrDArGYUY,2020-10-31,-22,16,-47,0,0,5
BR,Brazil,State of Ceará,Fortaleza,,,,ChIJP3hMRj9MxwcRyjdrDArGYUY,2020-11-01,-26,5,-21,-9,3,5
BR,Brazil,State of Ceará,Fortaleza,,,,ChIJP3hMRj9MxwcRyjdrDArGYUY,2020-11-02,-48,-21,-10,-46,-65,13
BR,Brazil,State of Ceará,Fortaleza,,,,ChIJP3hMRj9MxwcRyjdrDArGYUY,2020-11-03,-21,12,-46,0,-11,7
BR,Brazil,State of Ceará,Fortaleza,,,,ChIJP3hMRj9MxwcRyjdrDArGYUY,2020-11-04,-17,13,-42,0,-10,9
BR,Brazil,State of Ceará,Fortaleza,,,,ChIJP3hMRj9MxwcRyjdrDArGYUY,2020-11-05,-14,17,-39,0,-10,8
BR,Brazil,State of Ceará,Fortaleza,,,,ChIJP3hMRj9MxwcRyjdrDArGYUY,2020-11-06,-13,21,-38,3,-6,8
BR,Brazil,State of Ceará,Fortaleza,,,,ChIJP3hMRj9MxwcRyjdrDArGYUY,2020-11-07,-14,21,-44,3,3,6
BR,Brazil,State of Ceará,Fortaleza,,,,ChIJP3hMRj9MxwcRyjdrDArGYUY,2020-11-08,-18,12,-18,0,6,6
BR,Brazil,State of Ceará,Fortaleza,,,,ChIJP3hMRj9MxwcRyjdrDArGYUY,2020-11-09,-22,9,-40,-2,-9,8
BR,Brazil,State of Ceará,Fortaleza,,,,ChIJP3hMRj9MxwcRyjdrDArGYUY,2020-11-10,-16,12,-41,1,-10,9
BR,Brazil,State of Ceará,Fortaleza,,,,ChIJP3hMRj9MxwcRyjdrDArGYUY,2020-11-11,-16,10,-41,0,-11,9
BR,Brazil,State of Ceará,Fortaleza,,,,ChIJP3hMRj9MxwcRyjdrDArGYUY,2020-11-12,-14,11,-37,0,-10,8
BR,Brazil,State of Ceará,Fortaleza,,,,ChIJP3hMRj9MxwcRyjdrDArGYUY,2020-11-13,-15,14,-39,5,-6,8
BR,Brazil,State of Ceará,Fortaleza,,,,ChIJP3hMRj9MxwcRyjdrDArGYUY,2020-11-14,-19,12,-45,2,1,6
BR,Brazil,State of Ceará,Fortaleza,,,,ChIJP3hMRj9MxwcRyjdrDArGYUY,2020-11-15,-19,25,-30,40,13,3
BR,Brazil,State of Ceará,Fortaleza,,,,ChIJP3hMRj9MxwcRyjdrDArGYUY,2020-11-16,-26,2,-43,-5,-10,8
BR,Brazil,State of Ceará,Fortaleza,,,,ChIJP3hMRj9MxwcRyjdrDArGYUY,2020-11-17,-18,9,-43,0,-10,9
BR,Brazil,State of Ceará,Fortaleza,,,,ChIJP3hMRj9MxwcRyjdrDArGYUY,2020-11-18,-15,10,-40,1,-9,9
BR,Brazil,State of Ceará,Fortaleza,,,,ChIJP3hMRj9MxwcRyjdrDArGYUY,2020-11-19,-13,11,-39,-1,-10,9
BR,Brazil,State of Ceará,Fortaleza,,,,ChIJP3hMRj9MxwcRyjdrDArGYUY,2020-11-20,-12,18,-37,3,-6,8
BR,Brazil,State of Ceará,Fortaleza,,,,ChIJP3hMRj9MxwcRyjdrDArGYUY,2020-11-21,-13,18,-43,3,2,6
BR,Brazil,State of Ceará,Fortaleza,,,,ChIJP3hMRj9MxwcRyjdrDArGYUY,2020-11-22,-17,9,-21,0,4,5
BR,Brazil,State of Ceará,Fortaleza,,,,ChIJP3hMRj9MxwcRyjdrDArGYUY,2020-11-23,-23,4,-41,-5,-8,9
BR,Brazil,State of Ceará,Fortaleza,,,,ChIJP3hMRj9MxwcRyjdrDArGYUY,2020-11-24,-17,9,-43,-2,-9,9
BR,Brazil,State of Ceará,Fortaleza,,,,ChIJP3hMRj9MxwcRyjdrDArGYUY,2020-11-25,-13,12,-40,-1,-8,9
BR,Brazil,State of Ceará,Fortaleza,,,,ChIJP3hMRj9MxwcRyjdrDArGYUY,2020-11-26,-10,17,-37,-2,-8,8
BR,Brazil,State of Ceará,Fortaleza,,,,ChIJP3hMRj9MxwcRyjdrDArGYUY,2020-11-27,-2,33,-39,2,-5,7
BR,Brazil,State of Ceará,Fortaleza,,,,ChIJP3hMRj9MxwcRyjdrDArGYUY,2020-11-28,-8,25,-43,2,4,6
BR,Brazil,State of Ceará,Fortaleza,,,,ChIJP3hMRj9MxwcRyjdrDArGYUY,2020-11-29,-6,39,-24,28,13,5
BR,Brazil,State of Ceará,Fortaleza,,,,ChIJP3hMRj9MxwcRyjdrDArGYUY,2020-11-30,-18,12,-42,-5,-7,9
BR,Brazil,State of Ceará,Fortaleza,,,,ChIJP3hMRj9MxwcRyjdrDArGYUY,2020-12-01,-11,23,-42,0,-9,8
BR,Brazil,State of Ceará,Fortaleza,,,,ChIJP3hMRj9MxwcRyjdrDArGYUY,2020-12-02,-7,23,-39,0,-7,8
BR,Brazil,State of Ceará,Fortaleza,,,,ChIJP3hMRj9MxwcRyjdrDArGYUY,2020-12-03,-6,22,-35,0,-7,8
BR,Brazil,State of Ceará,Fortaleza,,,,ChIJP3hMRj9MxwcRyjdrDArGYUY,2020-12-04,-6,24,-36,3,-3,7
BR,Brazil,State of Ceará,Fortaleza,,,,ChIJP3hMRj9MxwcRyjdrDArGYUY,2020-12-05,-6,26,-42,6,6,5
BR,Brazil,State of Ceará,Fortaleza,,,,ChIJP3hMRj9MxwcRyjdrDArGYUY,2020-12-06,-8,20,-17,5,8,5
BR,Brazil,State of Ceará,Fortaleza,,,,ChIJP3hMRj9MxwcRyjdrDArGYUY,2020-12-07,-16,13,-37,-2,-7,8
BR,Brazil,State of Ceará,Fortaleza,,,,ChIJP3hMRj9MxwcRyjdrDArGYUY,2020-12-08,-11,15,-39,-1,-7,8
BR,Brazil,State of Ceará,Fortaleza,,,,ChIJP3hMRj9MxwcRyjdrDArGYUY,2020-12-09,-8,15,-35,-1,-7,8
BR,Brazil,State of Ceará,Fortaleza,,,,ChIJP3hMRj9MxwcRyjdrDArGYUY,2020-12-10,-7,16,-33,-1,-7,8
BR,Brazil,State of Ceará,Fortaleza,,,,ChIJP3hMRj9MxwcRyjdrDArGYUY,2020-12-11,-8,18,-36,1,-4,7
BR,Brazil,State of Ceará,Fortaleza,,,,ChIJP3hMRj9MxwcRyjdrDArGYUY,2020-12-12,-9,20,-41,2,5,6
BR,Brazil,State of Ceará,Fortaleza,,,,ChIJP3hMRj9MxwcRyjdrDArGYUY,2020-12-13,-11,15,-15,3,9,5
BR,Brazil,State of Ceará,Fortaleza,,,,ChIJP3hMRj9MxwcRyjdrDArGYUY,2020-12-14,-17,8,-38,-5,-7,8
BR,Brazil,State of Ceará,Fortaleza,,,,ChIJP3hMRj9MxwcRyjdrDArGYUY,2020-12-15,-8,18,-40,0,-8,8
BR,Brazil,State of Ceará,Fortaleza,,,,ChIJP3hMRj9MxwcRyjdrDArGYUY,2020-12-16,-5,20,-34,1,-7,8
BR,Brazil,State of Ceará,Fortaleza,,,,ChIJP3hMRj9MxwcRyjdrDArGYUY,2020-12-17,-3,18,-34,-2,-7,8
BR,Brazil,State of Ceará,Fortaleza,,,,ChIJP3hMRj9MxwcRyjdrDArGYUY,2020-12-18,-3,25,-36,3,-3,7
BR,Brazil,State of Ceará,Fortaleza,,,,ChIJP3hMRj9MxwcRyjdrDArGYUY,2020-12-19,-3,30,-42,7,7,5
BR,Brazil,State of Ceará,Fortaleza,,,,ChIJP3hMRj9MxwcRyjdrDArGYUY,2020-12-20,-2,27,-23,8,15,5
BR,Brazil,State of Ceará,Fortaleza,,,,ChIJP3hMRj9MxwcRyjdrDArGYUY,2020-12-21,-2,23,-34,0,-9,7
BR,Brazil,State of Ceará,Fortaleza,,,,ChIJP3hMRj9MxwcRyjdrDArGYUY,2020-12-22,7,32,-36,3,-10,6
BR,Brazil,State of Ceará,Fortaleza,,,,ChIJP3hMRj9MxwcRyjdrDArGYUY,2020-12-23,11,49,-32,5,-11,5
BR,Brazil,State of Ceará,Fortaleza,,,,ChIJP3hMRj9MxwcRyjdrDArGYUY,2020-12-24,-18,48,-46,-16,-31,8
BR,Brazil,State of Ceará,Fortaleza,,,,ChIJP3hMRj9MxwcRyjdrDArGYUY,2020-12-25,-68,-70,-36,-60,-72,19
BR,Brazil,State of Ceará,Fortaleza,,,,ChIJP3hMRj9MxwcRyjdrDArGYUY,2020-12-26,-30,2,-49,-23,-16,10
BR,Brazil,State of Ceará,Fortaleza,,,,ChIJP3hMRj9MxwcRyjdrDArGYUY,2020-12-27,-25,-1,-24,-9,7,7
BR,Brazil,State of Ceará,Fortaleza,,,,ChIJP3hMRj9MxwcRyjdrDArGYUY,2020-12-28,-15,11,-35,-12,-17,10
BR,Brazil,State of Ceará,Fortaleza,,,,ChIJP3hMRj9MxwcRyjdrDArGYUY,2020-12-29,-6,20,-34,-10,-19,9
BR,Brazil,State of Ceará,Fortaleza,,,,ChIJP3hMRj9MxwcRyjdrDArGYUY,2020-12-30,-3,40,-31,-6,-19,7
BR,Brazil,State of Ceará,Fortaleza,,,,ChIJP3hMRj9MxwcRyjdrDArGYUY,2020-12-31,-33,45,-48,-24,-41,7
